source_file,iteration,bbox/AP,bbox/AP50,bbox/AP75,bbox/APl,bbox/APm,bbox/APs,bbox/AP-DJI-Matrice-600-Pro,bbox/AP-DJI-Mavic-Pro,bbox/AP-DJI-S900,bbox/AP-DJI-Spark,bbox/AP-DNDN-concept,bbox/AP-Fixed-wing-concept,bbox/AP-Shahed,bbox/AP-U842-Sport-Racing,bbox/AP-arm,bbox/AP-boom,bbox/AP-camera,bbox/AP-drone-body,bbox/AP-fuselage,bbox/AP-guard,bbox/AP-horstab,bbox/AP-landing gear,bbox/AP-rotor-stump,bbox/AP-verstab,bbox/AP-wing,segm/AP,segm/AP50,segm/AP75,segm/APl,segm/APm,segm/APs,segm/AP-DJI-Matrice-600-Pro,segm/AP-DJI-Mavic-Pro,segm/AP-DJI-S900,segm/AP-DJI-Spark,segm/AP-DNDN-concept,segm/AP-Fixed-wing-concept,segm/AP-Shahed,segm/AP-U842-Sport-Racing,segm/AP-arm,segm/AP-boom,segm/AP-camera,segm/AP-drone-body,segm/AP-fuselage,segm/AP-guard,segm/AP-horstab,segm/AP-landing gear,segm/AP-rotor-stump,segm/AP-verstab,segm/AP-wing
blur_run1_p0.5_s0.1-1.0.json,1160,53.520318060691274,73.90498811460148,61.8090473046083,74.81720392839514,65.48569561508533,20.034124435413204,83.1434423236748,79.06207000121806,87.08628675114792,61.90446391922391,86.01045672170945,72.39486928856913,74.43052409601306,81.03150709925407,32.71368071126783,45.0242715895188,13.011200592521915,39.24214070555407,48.088980590311714,58.68772245173711,27.315238482063336,15.558542898429323,1.6799500744207083,47.29805486228054,63.20263999421854,22.771191718303633,54.42367184198875,19.7554916615581,57.523587212537755,34.355731358860695,5.803529465939797,3.423032019636711,19.889136092557845,5.282379413259983,47.02118887255597,64.27297111669488,39.57053230352855,63.254976216049606,16.12978916312409,2.3685674769752554,27.514850425998794,11.973869064375249,26.25506186911043,9.451410283456415,15.745145964558315,15.900709722720851,1.2636798299369896,1.5004604135583193,17.71829334131672,44.116589058354045
blur_run2_p0.5_s1.0-2.0.json,1160,52.2950510236722,73.21355525056646,60.12108669169691,74.82144102459716,63.28653444549984,18.686060366516823,83.2083653361461,79.1071050848845,84.20390403169714,63.18018760733944,84.79233738133745,72.23987704699042,73.61116990474883,81.22999596571884,30.91325022977921,40.64609519177374,8.898016147973394,37.65142811459331,46.80231261276943,57.09635146638243,26.502171197325602,15.10238375995526,1.5022188984425204,45.157783225298815,61.761016246615284,21.3919522681837,52.329289916472135,17.855663133026788,58.870394471457196,31.716102461006933,4.764048517623536,3.7601512919870057,18.982908972054677,2.7108502002883386,45.96423900087194,64.6060096153477,39.49883100061187,60.01894941854275,16.13623950152986,1.627651069221995,26.367304426438242,7.018495205737688,24.80779794213651,8.29440099398832,14.255851999129431,13.664230877807167,1.141573508106411,1.1722759869259878,14.971302600620673,41.44802948414369
blur_run3_p0.5_s2.0-3.0.json,1160,51.40803045534072,72.66945293499934,59.2215770531205,71.97356237058605,64.97362406969259,18.20896236045674,81.28898192839301,75.50467178567399,85.75767689583888,62.02743980952636,83.93167440064367,71.44900185801905,74.20337884050171,80.81295955080334,29.430747133668817,38.323863284222256,8.653994144982457,36.53739413903676,45.877265992931164,56.60042286263528,26.32015052309423,12.631461312656986,1.5131614301320166,44.433271699499954,61.45506105921373,20.85715492427432,50.8089560782934,17.01832361323128,55.99044161588088,31.2565844014831,4.839503313528936,3.1272511251012687,15.999665502503854,3.2557239523718353,43.905872415664604,62.852864885150716,38.752782814460666,60.49844465880388,13.424136435804188,1.8235212242551806,25.71182272679368,8.240172030566386,24.640110369660086,8.359458083809324,13.422835412468896,13.919448926567446,0.9501172858656731,1.3554042516454858,14.680958078611466,41.365353381107376
brightness1.json,1160,54.51501281311231,75.44371980928518,62.94918418019743,77.694741589762,66.04218593008996,21.257256459258524,82.37636494389065,78.28700582541892,86.85203332842417,64.2264995683873,85.32294165367857,72.68526947487992,74.30156724113242,80.751063423502,34.5216289158156,45.04046404025886,7.121796741995211,46.966071318041365,48.74929733437939,63.16244079308956,31.841788275269128,17.22096739931816,2.072282395656985,47.59261510489339,66.6931456711023,24.31352583627359,59.65845243603124,19.943071644650697,60.092737203694014,35.43761767145759,6.4729394993332665,7.724435643768348,21.07699239189376,9.846436872590363,46.54357332663038,61.390124142410286,37.3922790621054,60.542838606669434,25.11638943527948,2.9263106154850624,31.380240433141054,6.3714076551133285,33.395167936680245,10.610512849564898,19.04017446841056,17.427765369596756,1.3720042227321,1.8735501458474968,19.255723976869003,48.67106373441022
brightness2.json,1160,54.524047546373254,75.83696505093594,63.012786186425615,78.91183292915886,63.573345543666804,21.738692059364258,81.73903001919497,78.18984071155857,87.7531032710873,64.43296220063392,85.78406367156379,74.13379191103903,73.73490830722385,79.54606762561178,34.15069273552975,45.260457063878164,9.370162019373906,47.316065895912786,48.82027746258473,62.45485722364029,30.573954239202912,16.95869948646569,2.0499580448915182,48.02614961506907,65.66186187662979,24.64298908900267,59.748605771972954,20.56527943032696,62.13549311977589,34.92963636592485,6.556838597633714,6.845058838207844,20.762231837290663,8.630253851676498,46.45948443343159,62.25987445383253,41.00730434892842,59.971114714994165,25.536916990105517,3.014971164408322,30.814454102004678,9.531551636556818,33.83218436226056,13.445128281128174,19.148392619813375,16.909273985464026,1.3295031302889124,1.7302099351142526,19.050018541931998,47.93886546361229
brightness3.json,1160,54.09203539169619,75.38764167707834,62.43369685439381,78.13632593702198,64.48905751810322,21.031219267924957,82.28312794227733,79.06839812481691,86.49282268311266,64.9906029821234,84.81913372971086,71.86683682302532,73.90672893348246,79.15346149869296,33.73429129587831,44.94671268485798,6.741278129035097,47.605243126527164,49.96895000924304,62.59676477315315,30.4424968330136,16.650502896359285,2.077828095418032,46.619765667688334,63.78372621381181,24.03048268729326,59.319299193014174,19.625726296194077,60.33211011211985,34.610096129638386,6.525364759471682,7.335114873815638,19.394626607363282,8.949683474273034,45.60058957071137,61.101879658794324,37.44601076228819,60.36852365951655,25.352501895341174,3.1604949081427867,31.54196137314233,6.687110432650273,33.87306581339084,10.840501399174936,18.822363701282917,17.510747894968027,1.5117434002562986,1.9069724145636502,18.96349996276553,46.21177925613079
contrast1.json,1161,54.61121723346768,75.70540142593013,62.94795703285628,77.90547545679613,64.19757511775441,21.437277046517984,83.33356731838248,79.3125911305658,87.42574753343192,65.85112592927648,86.33134924646441,73.11111454809223,74.18665849359306,80.03064775430862,34.099111934193985,45.46062390139627,8.864080865273491,46.88688280230984,49.4293420556428,61.95203842394557,31.72558302341526,16.67911480567768,2.174504775240826,47.12764271871376,63.63140017596125,23.99218122251565,58.77257864506039,20.176483342447156,62.10962501572772,33.9127811006059,6.302885877736431,7.859046951805139,18.96552700608625,8.460417975138268,47.27995910807887,61.53803756954829,37.9252596411787,61.126748064816674,27.334330996480826,3.076318587720638,30.91045585251052,8.081374925179873,33.207375604859315,9.711055496917155,17.92470660250544,16.915508692469984,1.1766818261779348,1.8027558384453055,16.102027408548246,46.453855079330026
contrast2.json,1160,54.454080661659454,75.57037615156054,62.722310242312986,77.22385267496763,65.29278223594585,21.5041001877951,83.22304962453005,79.45785878385298,87.20852417546787,65.45813312688826,86.19708833158354,74.18931921088492,71.532581574556,79.87691631498082,33.884087177291406,44.89559179358754,8.458969986901806,47.44222354239944,48.510712038867865,62.36523733546294,31.32225586543535,16.818111055485005,1.9591806493416137,47.14117177120745,64.68652021280492,24.102619186893353,59.284848432296975,20.351296696531413,62.37657871142556,34.42459780233295,6.085542607934082,8.148766192394806,20.638131835262566,9.216875756851078,46.810989290541436,61.799241649991785,39.499256932458614,58.904230259076506,27.170508288476054,2.6542222988685893,30.479433043084924,7.385113776406027,33.789692183328754,8.892679861342776,17.54919567011464,16.99362838333126,1.305124117204921,1.633937275827319,17.50464072678432,47.57409700962728
contrast3.json,1160,54.42315804947885,75.5271476688226,62.78159107193847,77.70289086135986,65.47074730746752,21.536533576940922,80.94462127447426,80.13860495228472,86.66046583160566,64.02877260531457,87.20086091334507,73.75323031663315,74.33049453523314,79.20278836890441,34.302959276612874,46.6723392199046,8.69982977417728,47.48761333678732,48.80069982450598,62.77038057168115,30.870601207118153,16.523878489034473,2.311323572962775,45.499828810099245,63.840710059419145,24.26003671628737,59.21025419238999,21.04235582312088,62.89559850239701,35.48736579300461,6.157108084509146,7.523821274732045,22.10959110220763,9.257468805140146,48.10710501659549,62.47715788132455,40.506260462428635,60.50149160815923,22.63142152496514,2.7697428208282417,30.424836669624927,7.375269814165549,33.57921189894014,11.250727633209037,18.79135600830944,15.667859721289137,1.2726903544539783,1.919755656077012,18.6623532329678,46.112576124041865
crop1.json,1160,46.60961671980172,67.30079192710072,53.453797338593304,53.08837656209818,57.29265963297742,18.30100605872099,64.61882774956887,72.50241824892012,65.19834878687509,44.38889390685507,80.62016092214202,67.43349304382612,67.72766901463577,62.994682719002896,26.04875291949898,44.88571045730162,9.44680649267246,37.64450772275158,43.640333124325835,49.129096545757896,25.767372276918444,14.45678306967114,2.6279988174882054,45.22050672217937,61.23035513584137,21.48948390617975,53.09096457450375,17.52073446221455,51.361569760806034,32.020846670638676,5.841195993112621,5.181945302975003,17.537177888644987,6.4210718834044345,30.27404366708787,59.74659174511685,36.23433318231032,59.032167810234284,21.133701145079815,2.2980529771676683,31.6173598605973,8.203836491825246,26.632102061698003,8.643563043055702,13.79108937929281,13.688941228240298,1.4683603576932636,2.161058678693189,18.930275640895005,45.3045218734032
crop2.json,1160,53.76725264952292,76.01842263253232,61.23335985391386,76.76203940372964,64.07111983937521,21.52853641926725,79.80633253667327,78.89416385057167,87.33384707894736,63.55752886789715,83.8718906135188,68.17622278537002,74.88388234709491,82.07454798863154,34.22139481950611,45.182588670698635,9.772177160025604,46.30382171584696,46.054178495584935,60.88392313804493,30.209392400236794,17.45242066253773,3.1109273875733012,45.200006687220394,64.58855313495519,23.998197410363915,59.76096403605957,19.945594153320545,63.046324716263946,35.287920927497545,6.780226004569659,7.296352227170468,19.72139562526372,8.512967172559849,44.57351364672178,60.31402724355518,39.604322080729744,61.6908788491219,25.480095920307622,3.4686894520676725,30.54332057418622,8.493961471360976,33.1515404255711,9.92988672348387,16.445337454950142,16.481779399179818,1.490981686003542,2.825510968558844,19.28726708160221,46.65392279451976
crop3.json,1160,54.77656598840706,75.95609481609468,63.31632320341174,77.04580192315545,65.43694364992928,20.04016616302971,81.88042198283958,78.3171733984364,84.90024848998854,65.49468717838633,85.27531612787995,73.61653621545176,75.62760683481561,80.46524538524001,34.45168351700881,46.02584650607626,8.56376690936168,48.20320403187878,48.922202628823435,62.96638103786552,32.241473971948096,17.28293959410995,2.2333508947536322,48.86306834376876,65.42360073110092,24.60591628879364,60.27165845351058,20.805232036074877,60.872906796855794,36.11181339800946,6.141034027594997,7.070491597228676,21.687849837931168,10.670371005895781,47.16201791918363,61.279518357373505,39.949701021699866,60.8069185256891,24.959965608782667,3.622012949778662,30.93713878779512,7.2924343174782065,34.400295005007195,12.317523866374215,18.37062286274115,16.521091587470178,1.5809768500731711,1.888397814219999,19.555344340879063,47.4397372314779
motionblur_run2_p0.5_len1-10.json,1160,52.098349457820134,72.83906066292207,60.21427570873625,75.02851395557693,61.97797804895243,18.616731952679892,82.07254620610821,77.67382784748251,85.58064679879872,63.155321438963654,85.30405547272453,70.73454706390484,74.42103051136414,80.10626011960424,30.763904099868356,42.645736203024214,7.119632864364308,37.51382374981871,46.16194384365148,57.520122527627116,27.48211680598353,14.34132894099614,1.6262132083354708,44.253622066549504,61.39195992941302,21.74553498774376,51.973685135813284,18.842332968365824,58.49626580141185,31.6359358325086,4.904027796350538,3.2586472815034657,19.381949946920184,3.8033736792977493,45.85995810411159,65.26999194845845,39.745672160896945,61.61707208687503,18.38385272953508,1.9266159685739395,28.342547307610825,5.320190820799047,25.278969089117354,6.214243771462424,14.946560783880154,14.890437475714968,1.2217537792891568,1.4177823559035205,15.36986712641792,40.9156783507636
motionblur_run2_p0.5_len10-20.json,1160,49.68021950215376,71.33162351015186,56.53164784898939,71.89719764284357,60.23021131203278,16.64709883867279,82.51558985788445,76.85600125193716,86.11690384584297,59.32995234989957,83.9925923660582,69.55190760920117,70.30562083224933,79.79523095769963,27.937759758121857,33.85960535393136,4.513350550334147,36.02761458983865,42.02495277559578,55.3887483893279,23.74599851135679,11.588768781078118,1.3443634590809133,40.68624923976728,58.34296006171616,19.804129865955595,48.52540267604662,16.73261438649281,56.69067661431465,29.060854344216864,4.758043579541067,3.8510859648063405,16.136527677830443,2.699497555434236,45.43129833425107,64.06070776455431,37.48413751692053,59.983026095807055,15.163015860709969,1.1791047619335762,23.752878274904486,4.1257857978537835,24.62969952668621,3.0196471369598767,11.896569613624475,12.532397034389561,0.6607331208516565,1.0263590021205835,10.525153618927959,38.12084279459015
motionblur_run3_p0.5_len20-30.json,1160,48.3809527940179,70.90358207400787,55.201447457109964,72.0323700050717,58.92725085761982,15.707462047145787,81.08869023027488,73.66742469900433,82.9432879820484,61.44723430256476,82.8723303767202,67.78026763315798,68.96273826854566,78.26517129780048,25.39147258423391,34.8568209215247,7.4017469997955,34.6385892698715,38.724547957871955,53.08395044877182,21.01978121672072,10.158731211775333,1.174307075169713,37.65127441158372,58.10973619890447,18.26652577521252,45.35284151338435,14.533609523449654,55.63407615153885,26.66668247927253,3.146906108446383,2.329318763538898,14.669149423600686,2.8880241367537964,42.89187491138947,60.32806098898532,34.656496298796924,59.477740788881825,13.577910780567018,0.5716570380668682,21.431033109087437,5.458034601343629,22.180223464789577,1.2828459146301208,10.546912141736955,10.784696263689767,0.5151402596529564,1.0294796011921605,6.206430378019532,36.23896086431497
noise_run1_p0.5_std0.0-10.0.json,1160,53.09736825283944,73.71169273620991,61.15040237084942,75.72088828222358,63.38104283001732,19.690799977833304,82.4750483416834,79.22792435462793,85.25814373906792,63.306971162638604,85.89371923448492,73.09181399800082,74.28951722488857,80.45457016817788,31.60075133841242,42.8991605977834,8.571189613186961,39.43430544572792,47.242739088080185,57.97036625049837,27.839031850206652,15.594692652953631,1.8421750032919175,48.52272085363138,63.335155886606465,22.613379463288066,54.736782133615506,19.497207156552186,60.23452817839565,33.93061116097997,5.562682389848312,4.150418107762696,19.677696708427273,4.266113708639206,47.172407231682186,65.81235513333955,38.7618707173736,63.49513750743006,16.118942781721916,2.3477601672305926,28.749323350335214,7.297800873254107,26.300305217784853,9.932833212232474,15.506239133721838,13.989970413027278,1.2860889969425127,1.4571594150849976,18.701153144124227,44.63063398235876
noise_run2_p0.5_std10.0-20.0.json,1160,53.05100728305706,73.446961824722,61.51163609356238,76.26195899146134,64.64510637065295,19.513670366634685,82.52030321876634,78.82327178772908,87.65220521725415,62.53709243008315,86.78124619169935,71.51534004442385,74.19342081139018,80.2164827727071,31.538031640936737,41.765352353265676,10.512313497344145,38.216058184259836,48.22043069125071,57.73478928128656,28.326693835445997,14.895093428856427,1.8656616095292793,45.82072284076577,64.83462854108978,21.752566717516142,52.60998381171543,18.872410809404144,58.11081316798119,33.73991749499143,4.8883217812999655,3.5203585945540454,18.96585398156715,4.720507877052222,46.71432139811233,65.0941135128106,41.37466646440953,62.18588566939869,13.000587275540228,2.2582861682850996,25.725697196301837,7.818980986772813,25.34911155946257,7.920314701747919,14.309412866331654,14.229978432569363,1.0314017702004223,1.5415321919909006,15.70329813565308,41.834458850046296
noise_run3_p0.5_std20.0-30.0.json,1160,51.810080369423225,72.55727734370878,60.008197010233076,72.53164227174985,63.922296942532164,18.667652003981782,81.96887185332513,78.87914938411294,85.18282071225653,62.88139799377799,86.16187445325183,71.35339263486145,73.36800559198457,78.74385581460366,30.426183129126894,41.02241158648513,5.0707265819993665,37.328834034939376,45.50028467620315,57.28703967604369,26.936094931225803,13.870600645227327,1.5162944668026321,45.035315335165485,61.858373517648666,21.31251116597091,50.82050461033496,18.694031840412983,58.21871839874079,33.09743173967502,4.685740667052041,3.5747660050799803,17.30662910999593,3.218330194210311,45.66300226022066,63.907635000898985,41.577379368707156,62.02134254486942,11.275856306315802,1.995960673961194,26.817435250572945,4.783825513452811,25.871896139245127,9.452628524657406,13.493335848717706,13.471731837585882,1.009283685060683,1.142304716575893,15.575547473504834,42.778821699814515
perspective_scale1.json,1160,54.60532987374395,75.51622813515723,63.05240263995617,78.34115491023059,65.66968016036463,21.233849200352424,82.65142893641465,79.47238712651018,86.7184544057374,65.56409853970118,84.0809842597976,74.91321798422686,73.13517188331635,81.92936573147222,34.13157532376743,45.42596235912117,5.918687413652245,47.957289455461414,50.21808384998301,62.60151201824602,30.36816381100233,17.2475486517668,2.084207265050777,48.44693415206674,64.63619443384067,23.79398955219449,58.718510768255975,20.07502529279164,60.59640010942058,35.385181959662795,5.771684267651463,7.450742601659852,20.784547723624144,8.450648653720837,46.61526141537324,61.79799732140957,39.404010035134654,60.78122482611546,24.15965650794393,2.5259126259909794,29.252020980143783,5.269157106478606,34.06688565508297,9.972326686974462,17.362627753148928,16.685540930652905,1.3703580076052249,1.8438049847873037,18.556010891620446,45.737066784227984
perspective_scale2.json,1160,38.07289182417861,50.941678431925084,44.29701971503184,58.009000413726106,44.29602223179064,10.361107063781077,82.26559669048044,79.41450099894736,85.70719347029319,64.76438418268853,85.72694589047431,0.0005928736586233473,73.77086337937375,78.96578612606223,34.2521300934174,0.00035381756383300126,9.048041262066901,48.28251317382694,0.33922922209071144,61.82668429325844,0.00033907500339075,16.68488447847959,2.2850280671114485,0.0005224796886021056,0.0493550849080341,15.765949143333785,40.19219003313274,13.124018411798568,46.89303509873386,23.84669806583453,2.0728595485104253,8.496628194709734,20.48973951974948,9.212136825180036,44.75805666762718,60.5389631199295,0.0009881227643722455,62.86890055155122,25.441519733985356,3.001805105625764,0.0,8.527307853513785,34.18189831032252,0.4298142829797874,18.304660934300106,0.0,1.257721913251988,2.041856919430686,0.0,0.001035668420398525
perspective_scale3.json,1160,54.61405262597554,75.70119421470187,63.10000457476336,75.09569813077415,64.151925756263,21.339932361842713,81.30502640402945,78.50791314524133,87.76758995755625,64.51612669957669,84.98819952490524,72.27211828381773,76.41837984410455,80.21815802009245,34.72528836991719,43.256133247981495,7.842737619590127,47.24922228713197,50.29990848839028,62.074590792944164,32.26379645657139,17.580644938100605,2.1380636983486747,48.2782610076282,65.96484110760741,23.803893685627056,58.67815907377724,19.624827188373846,57.51576524506565,35.94522277253155,6.085460771689887,7.632743832503003,17.872940102818184,7.790246366069543,46.386846360585935,61.132488622892524,37.38182927640226,62.596376926432015,24.714675333934736,2.6218431963730957,28.468881196443213,7.43120375231782,33.54582736883474,11.93812909999052,18.405208585171877,15.724839361247769,1.4311354700127872,1.798003512668048,19.088623876581917,46.31213778563397
rand_scale1.json,1160,54.86745730595951,75.91326589782832,63.204736519311524,79.92439767311056,62.89959713045105,21.3027067410441,82.43390365920332,78.92560050565595,87.93834631187862,64.80513370462425,85.92474782969765,73.69248062358544,75.64868781294396,81.98157288171367,34.02939673864346,44.90170430495574,9.616188339102594,47.71502773470234,50.515281628823224,62.51441884637582,28.970482304710227,16.86834669275596,2.1516705135233956,48.28615150042447,65.56254687991064,24.681664517579264,60.41184129331321,20.530828431979515,61.0777333963878,35.884180390204136,6.827444797303289,7.670051165348194,20.285481172426095,8.64751631172586,47.11623762898453,60.99751391460021,39.847174958595104,61.744240838956,26.928288180172956,3.578804765797492,31.074318299905894,8.056866300328993,33.80658621155653,15.68410553021332,18.190451563563865,17.212747148586377,1.2890991350867247,1.8923199600759677,18.571902991731257,46.357919756350704
rand_scale2.json,1160,54.88962015328435,75.78845934153642,63.61793067006916,76.53327546189497,65.20000745326759,21.808071333185463,83.34606719836579,79.16482726605332,85.91222400584482,65.18610670706705,85.21552367502694,71.73897667458289,76.40212157831796,81.28242694405361,34.39327990594245,45.60991921873525,7.775454062040332,47.869181451110414,50.79982151462512,62.72288941168112,31.93856161126371,16.689835467703624,1.940245857349672,49.42473646324326,65.49058389939509,24.523249695054766,60.616374415434336,20.299459857319256,54.25285183616151,35.661988791539926,6.224463144980068,7.386037537025731,21.70133712703225,10.044861999170864,47.06755724710286,61.62203151196151,36.1212259441913,62.16775491689251,24.618605395822023,2.7677245031131488,30.947246085103764,6.795698630875065,34.599028271304206,15.42856673183915,17.89698494601509,17.41844453093101,1.3242348994302429,1.69364215022988,19.076859685081562,47.26390209291826
rand_scale3.json,1160,54.7214137384678,75.85458778363353,63.02404075526873,74.13803498741734,63.28250847593608,21.030414669263916,82.20443325657223,78.90586904378775,87.27123867540574,65.91712010443489,85.5023058787494,73.77226964212377,76.6412548252314,80.66108922363522,33.97642368269832,45.47549150951834,9.420981327028407,47.444940815089275,49.712837113659866,62.035308276543,30.37403976486902,16.30488856399682,1.9035666282848733,48.210305607829625,63.972497091430405,24.49892470985343,59.743441602008474,20.810717036100872,48.87984914362964,33.937666587386786,6.388136875582114,8.164978131528796,19.86402153498546,10.03139612963754,47.36832675905783,61.44698701118242,42.301939104002706,61.90959299450757,25.21066193441552,2.4860387010056955,31.0068590626145,9.320917171757925,33.323505355942736,9.823676183343972,18.324331444841153,16.518447526319374,1.4069884075753396,1.657101040246204,19.471666167082237,45.84213482716816
rotate1.json,1160,53.205790970767154,74.94649608972452,61.063393960592826,77.81132730135279,63.072733428103625,18.791272977120112,81.24144409174843,77.14922739669305,86.00189677615954,65.17390655540856,84.149345895187,72.32810034224553,71.21067935480903,78.92742345704045,33.10040229644125,42.37701886613416,8.532986074158085,46.81054860937477,45.973982744922004,61.78243561887451,29.77666140349654,16.1316077307507,2.0630419211155675,46.10722929936058,62.0720900106561,23.535581175892347,57.32218580509898,19.807350877023858,59.77367451795295,34.99263954362037,5.610222945877715,6.128798951994184,19.15552536513546,7.5087137848942,46.52365881778875,62.76176318246619,40.1921249004716,57.46618010935951,24.388466322530423,3.0168939228474447,28.992757863242506,8.399602066256586,33.62909950584832,9.33342796323808,17.139874531919137,16.109561800748658,1.1747262683095183,1.7730934931333246,18.917870244306243,44.56390324746446
rotate2.json,1160,52.99688653739894,74.88914425884194,60.24724795276546,76.20438727330628,63.14180126023514,18.092482093385208,82.88199980377257,75.8401500086657,87.37764571410655,63.806371309728014,84.20595666427417,70.72394863989986,68.8544565850477,76.1958142509053,33.521321691815494,43.87914532002139,8.868292068744218,46.95018884158326,46.284262213515404,61.5740795518833,29.521504276375214,15.872848913398455,2.240831845580507,44.17997237107815,64.16205414018485,23.696883501070552,58.83084043417737,19.949329689351032,61.33643726205265,34.716174568991164,5.038556945706111,8.25978910479644,20.639785351523283,9.592829589558969,47.04456152992017,61.36482911721587,38.76591008178383,58.898365069438164,22.554221733928387,3.0063696919719733,30.21893458269702,6.743877428952399,33.193516489165795,10.72078951015419,17.298462731681205,16.167298902010685,1.2074035069283946,2.0045942938814627,17.497960279735597,45.06128752499669
rotate3.json,1160,52.529905407475106,74.4394604762062,59.7521554498956,73.5599544022069,61.228535025721364,17.954218719942922,79.02298141051111,78.97857140020498,85.59302984586118,61.85961544436523,83.83336140484181,70.00870327580984,65.16358451115143,77.16735300431301,33.21568128169065,42.57293842968144,10.633033357089294,46.152896959728125,47.49609967334731,60.67568042974444,30.43625305508001,14.908653204012035,2.074143093429233,45.255304020722555,63.020318940443474,23.194626030667713,57.57319253896838,19.165571007474252,60.2626238567303,31.393545392214307,5.3852266485103994,6.675336570054159,19.74240499008313,8.945812222787222,45.584815964944426,60.78955883745937,35.33236511454749,54.40741013205804,24.355103299778257,2.3843761885743913,28.778142887479603,9.878123555619945,32.3509056157001,10.725884062344965,17.102168943771385,17.480446617876414,1.3543254677932994,1.750436088828572,16.983012018828408,46.07726600415728
shear1.json,1160,54.8143152498705,75.79111794524255,63.50591999415119,77.66493842577007,66.19967910732173,21.36804975251403,84.10323666090089,79.34112687888194,86.66076764976418,64.25090213663182,85.05009286220519,74.6380776884256,74.47004193425687,79.93178462560851,33.87151801677223,44.13893591451588,8.353077447743502,48.64784093992702,48.3171169653686,62.85754349283811,32.026008294132076,18.019890269885185,2.103665339932214,47.765329871058114,66.92503275869154,24.541227322336084,60.09315143300979,20.223905196459857,61.47745070821067,36.28801381463842,6.480112578053035,7.725721943964023,20.084332140503058,8.695309085846016,45.97387110622386,61.78400337451029,40.712613368194575,61.539376632650864,26.617063911812366,2.8334638229867197,28.858578223560404,9.031917387841212,33.75046187362482,11.990664804440435,19.743826936310768,16.77014149700894,1.4359279220080587,1.7962766446202427,19.229181487364862,47.7105869609142
shear2.json,1160,54.34223730723606,75.65696700265194,62.491876495533184,78.8575408725514,64.17422947457122,20.998973800385116,81.98066447432628,80.03300192732097,87.72030657289336,65.61246411792943,84.8376403436621,72.74583847991538,77.25233395510513,80.03142228253857,34.009338124485915,44.79606826563481,7.598197580823807,47.25269096474063,49.25886328291603,62.30771498469405,29.15999855290187,16.576239897676324,2.012100423779686,45.840992082353225,63.476632523787515,24.495249014253773,60.49623811264665,19.852185840348085,62.31888490419384,34.593272285432455,5.958957428592165,7.659536273928332,20.183529853574875,10.782367688315647,47.05595329663719,62.11409097613113,39.18005622631885,62.677808413302195,26.03880559445344,2.819282355248992,29.953522344700385,7.081520696485685,33.845202606891675,15.28420731924625,17.88692286543583,14.66651090779522,1.2229648183454376,1.658066472954113,18.31120726052702,46.9881753005294
shear3.json,1160,54.492550053854714,76.11877902152366,62.81504068123368,78.47986341895664,64.8362371213328,21.596409576382975,81.48501873458193,79.13265755585115,86.34554166572259,64.70398336691872,83.98303729735241,73.45268802206864,75.48892201221813,81.18442933745578,33.62536503754697,44.87144055014982,9.80881354104642,47.046120168393145,50.02867364488156,62.21770458777897,31.15837273992252,16.213070775038823,1.946938622061631,47.183632249335425,65.48204111491522,24.254584454660794,59.69018820452526,20.722842182376958,62.32816892862698,35.46906044701608,6.411446244453793,7.474586222372681,20.522996281948032,9.97031742819791,47.24554330813976,60.016073735839925,38.35021127599761,61.1989193317753,26.258509289887094,2.765415791323257,30.63062833246545,9.201490448273454,33.70115789176285,9.71895732332973,18.441706930908573,16.337938343166016,1.2653746241319894,1.712659729782193,18.21207774230584,47.81254060694745
baseline,1160,53.84834141526795,73.7121641007791,61.57583610842834,76.76082384068789,67.99835255181588,19.981796855122145,83.57650363750088,79.66357758658368,87.37858368444988,64.78270950137556,85.77271206312254,73.59223342832476,75.96428676356811,81.92609960610618,32.38682254929954,41.21665516142162,10.034774448528182,39.4911567301046,50.18437148418845,58.206612507139035,27.86901019249693,16.024070810119376,1.6925205962814236,47.65164027887125,65.70414586060909,22.903002522911567,54.49018608210344,19.863205528871177,59.52596648042577,35.368360186297615,5.573581364289719,2.8511743443378137,20.180903310903155,4.036792434604113,47.05623888483346,64.98775441319712,40.66749499364067,62.99813360689435,18.26821980540654,2.6740250171384603,28.273176835561536,8.056093017434076,26.842701321111385,12.701859873734488,15.964225860548394,14.698370013021528,1.3073376374330647,1.3488925059506327,17.297315397143436,44.946338662425525
